<?xml version="1.0"?>
<!DOCTYPE hibernate-mapping PUBLIC "-//Hibernate/Hibernate Mapping DTD 3.0//EN" "http://hibernate.org/dtd/hibernate-mapping-3.0.dtd">

<hibernate-mapping>
	<class name="com.hcl.cong.hibernate2.hibernate_demo2.Student" table="student">
		<id name="id" column="ID">
			<generator class="native" />
		</id>
		<property name="firstName" column="firstName" />
		<property name="lastName" column="lastName" />
		<property name="gradeLevel" column="gradeLevel" />
	</class>
</hibernate-mapping>